tienda,Cantidad_Productos,Facturacion_Total,Precio_Promedio
Tienda 1,2359,1150880400.0,487867.9101314116
Tienda 2,2359,1116343500.0,473227.42687579483
Tienda 3,2359,1098019600.0,465459.7710894447
Tienda 4,2358,1038375700.0,440362.89228159457
